序号,文件名,虫子编号,中心点x坐标,中心点y坐标,左上角x坐标,左上角y坐标,右下角x坐标,右下角y坐标
1,00012.jpg,0,,,,,,
2,00013.jpg,398,2987,807,2852,592,3121,1023
3,00013.jpg,156,3019,2755,2571,2397,3467,3113
4,00013.jpg,156,2373,380,1943,0,2802,759
5,00016.jpg,0,,,,,,
6,00031.jpg,0,,,,,,
7,00041.jpg,0,,,,,,
8,00042.jpg,9,1737,610,1684,577,1790,642
9,00047.jpg,0,,,,,,
10,00050.jpg,0,,,,,,
11,00061.jpg,156,2669,1305,2263,1059,3076,1551
12,00061.jpg,7,3000,1206,2782,1006,3218,1407
13,00061.jpg,156,1405,643,1007,173,1803,1112
14,00070.jpg,156,1852,2552,1472,2173,2231,2931
15,00070.jpg,156,1611,1523,1243,1109,1978,1938
16,00072.jpg,0,,,,,,
17,00078.jpg,0,,,,,,
18,00079.jpg,0,,,,,,
19,00082.jpg,0,,,,,,
20,00085.jpg,0,,,,,,
21,00088.jpg,10,4334,865,4296,809,4372,921
22,00088.jpg,115,3851,2279,3537,2051,4165,2506
23,00091.jpg,0,,,,,,
24,00095.jpg,0,,,,,,
25,00098.jpg,0,,,,,,
26,00099.jpg,0,,,,,,
27,00103.jpg,7,2231,3007,1993,2847,2470,3168
28,00109.jpg,156,2377,1256,1974,807,2779,1705
29,00117.jpg,0,,,,,,
30,00138.jpg,0,,,,,,
31,00142.jpg,280,4057,297,3914,10,4201,584
32,00142.jpg,280,2945,781,2806,473,3084,1089
33,00148.jpg,0,,,,,,
34,00149.jpg,0,,,,,,
35,00157.jpg,0,,,,,,
36,00164.jpg,0,,,,,,
37,00166.jpg,480,4211,2345,4051,2190,4372,2499
38,00166.jpg,280,2875,705,2599,461,3150,949
39,00178.jpg,0,,,,,,
40,00182.jpg,0,,,,,,
41,00187.jpg,0,,,,,,
42,00190.jpg,256,3022,1075,2705,803,3339,1347
43,00192.jpg,0,,,,,,
44,00194.jpg,156,4816,1605,4372,1211,5260,1999
45,00198.jpg,10,2605,1434,2574,1374,2635,1495
46,00200.jpg,0,,,,,,
47,00201.jpg,0,,,,,,
48,00204.jpg,8,2465,2223,2278,2013,2651,2434
49,00204.jpg,228,2689,3371,2416,3093,2963,3648
50,00206.jpg,0,,,,,,
51,00209.jpg,156,4240,3446,3944,3244,4537,3648
52,00213.jpg,7,3347,997,3101,698,3592,1296
53,00220.jpg,9,993,2028,946,1959,1039,2098
54,00220.jpg,10,1008,603,964,544,1052,661
55,00224.jpg,0,,,,,,
56,00225.jpg,280,1816,583,1621,321,2010,845
57,00225.jpg,7,1814,581,1622,316,2006,847
58,00229.jpg,0,,,,,,
59,00246.jpg,0,,,,,,
60,00248.jpg,0,,,,,,
61,00253.jpg,0,,,,,,
62,00255.jpg,156,2510,416,2145,55,2876,778
63,00258.jpg,0,,,,,,
64,00264.jpg,0,,,,,,
65,00267.jpg,10,1767,2716,1714,2688,1821,2744
66,00275.jpg,115,3820,3448,3619,3329,4021,3568
67,00281.jpg,256,4517,1775,4359,1580,4675,1969
68,00284.jpg,0,,,,,,
69,00285.jpg,0,,,,,,
70,00286.jpg,0,,,,,,
71,00287.jpg,148,3073,2478,2746,2241,3399,2716
72,00289.jpg,8,3526,1777,3296,1581,3756,1974
73,00291.jpg,0,,,,,,
74,00295.jpg,0,,,,,,
75,00296.jpg,0,,,,,,
76,00297.jpg,0,,,,,,
77,00301.jpg,0,,,,,,
78,00303.jpg,0,,,,,,
79,00307.jpg,0,,,,,,
80,00309.jpg,0,,,,,,
81,00310.jpg,156,1917,529,1420,232,2415,827
82,00314.jpg,0,,,,,,
83,00316.jpg,0,,,,,,
84,00321.jpg,0,,,,,,
85,00324.jpg,10,1796,1682,1752,1644,1839,1719
86,00329.jpg,0,,,,,,
87,00330.jpg,0,,,,,,
88,00332.jpg,0,,,,,,
89,00347.jpg,0,,,,,,
90,00349.jpg,7,2147,842,1954,701,2341,984
91,00349.jpg,105,2548,2002,2209,1678,2886,2326
92,00349.jpg,156,4084,1339,3668,970,4500,1708
93,00353.jpg,0,,,,,,
94,00354.jpg,0,,,,,,
95,00355.jpg,10,994,108,955,58,1034,158
96,00358.jpg,222,3537,337,3045,0,4029,674
97,00360.jpg,0,,,,,,
98,00361.jpg,0,,,,,,
99,00372.jpg,0,,,,,,
100,00373.jpg,0,,,,,,
101,00380.jpg,0,,,,,,
102,00398.jpg,0,,,,,,
103,00401.jpg,0,,,,,,
104,00403.jpg,0,,,,,,
105,00405.jpg,0,,,,,,
106,00406.jpg,0,,,,,,
107,00412.jpg,0,,,,,,
108,00413.jpg,10,4316,561,4282,505,4351,616
109,00414.jpg,0,,,,,,
110,00424.jpg,0,,,,,,
111,00430.jpg,0,,,,,,
112,00435.jpg,115,2274,2734,2128,2475,2419,2992
113,00444.jpg,7,1539,373,1236,267,1842,479
114,00445.jpg,0,,,,,,
115,00450.jpg,8,1181,532,1097,399,1265,666
116,00451.jpg,0,,,,,,
117,00453.jpg,0,,,,,,
118,00455.jpg,9,1309,1818,1274,1771,1345,1866
119,00455.jpg,10,2632,2308,2606,2244,2658,2373
120,00474.jpg,0,,,,,,
121,00482.jpg,0,,,,,,
122,00494.jpg,0,,,,,,
123,00495.jpg,0,,,,,,
124,00497.jpg,10,2626,3576,2589,3553,2664,3600
125,00500.jpg,0,,,,,,
126,00503.jpg,0,,,,,,
127,00521.jpg,0,,,,,,
128,00523.jpg,0,,,,,,
129,00542.jpg,0,,,,,,
130,00550.jpg,156,3150,2623,2585,2233,3716,3013
131,00552.jpg,0,,,,,,
132,00556.jpg,7,3188,383,3016,117,3360,649
133,00562.jpg,0,,,,,,
134,00565.jpg,0,,,,,,
135,00572.jpg,0,,,,,,
136,00579.jpg,6,3876,1446,3672,1253,4080,1639
137,00582.jpg,0,,,,,,
138,00585.jpg,0,,,,,,
139,00587.jpg,0,,,,,,
140,00588.jpg,156,1745,1537,1219,1086,2270,1988
141,00588.jpg,156,1411,297,1118,0,1703,594
142,00589.jpg,0,,,,,,
143,00597.jpg,0,,,,,,
144,00605.jpg,222,1748,689,1405,423,2091,954
145,00605.jpg,7,1748,686,1407,423,2089,950
146,00605.jpg,156,1748,685,1411,426,2085,944
147,00605.jpg,7,2859,456,2605,247,3112,666
148,00605.jpg,256,2760,1500,2469,1313,3052,1687
149,00613.jpg,0,,,,,,
150,00622.jpg,0,,,,,,
151,00623.jpg,7,3335,1746,3253,1521,3417,1971
152,00623.jpg,7,2379,2903,2184,2673,2575,3133
153,00627.jpg,0,,,,,,
154,00643.jpg,256,2049,1368,1572,1139,2526,1597
155,00645.jpg,0,,,,,,
156,00649.jpg,0,,,,,,
157,00656.jpg,0,,,,,,
158,00663.jpg,0,,,,,,
159,00675.jpg,0,,,,,,
160,00677.jpg,0,,,,,,
161,00679.jpg,0,,,,,,
162,00680.jpg,9,1309,2013,1268,1959,1351,2067
163,00688.jpg,0,,,,,,
164,00690.jpg,0,,,,,,
165,00696.jpg,0,,,,,,
166,00698.jpg,0,,,,,,
167,00702.jpg,0,,,,,,
168,00707.jpg,280,2927,339,2344,64,3509,614
169,00708.jpg,0,,,,,,
170,00710.jpg,0,,,,,,
171,00714.jpg,0,,,,,,
172,00721.jpg,0,,,,,,
173,00723.jpg,148,1646,2313,1368,2113,1923,2512
174,00725.jpg,0,,,,,,
175,00726.jpg,0,,,,,,
176,00730.jpg,0,,,,,,
177,00740.jpg,0,,,,,,
178,00743.jpg,0,,,,,,
179,00751.jpg,0,,,,,,
180,00762.jpg,0,,,,,,
181,00764.jpg,0,,,,,,
182,00768.jpg,0,,,,,,
183,00774.jpg,0,,,,,,
184,00778.jpg,156,1627,223,1138,0,2117,446
185,00782.jpg,0,,,,,,
186,00788.jpg,0,,,,,,
187,00789.jpg,0,,,,,,
188,00794.jpg,0,,,,,,
189,00799.jpg,9,3127,775,3082,688,3172,862
190,00814.jpg,0,,,,,,
191,00816.jpg,0,,,,,,
192,00819.jpg,0,,,,,,
193,00841.jpg,0,,,,,,
194,00849.jpg,156,4021,318,3526,7,4517,628
195,00849.jpg,6,3267,1239,3111,982,3423,1497
196,00854.jpg,0,,,,,,
197,00863.jpg,156,2110,2533,1580,2194,2640,2872
198,00872.jpg,0,,,,,,
199,00874.jpg,156,2641,2954,2246,2560,3036,3348
200,00886.jpg,0,,,,,,
201,00893.jpg,0,,,,,,
202,00895.jpg,0,,,,,,
203,00898.jpg,0,,,,,,
204,00911.jpg,0,,,,,,
205,00920.jpg,0,,,,,,
206,00921.jpg,0,,,,,,
207,00926.jpg,0,,,,,,
208,00931.jpg,156,1802,508,1334,121,2271,896
209,00936.jpg,0,,,,,,
210,00937.jpg,256,1159,2229,1009,2067,1309,2391
211,00945.jpg,0,,,,,,
212,00950.jpg,10,1777,3141,1742,3100,1811,3182
213,00961.jpg,0,,,,,,
214,00968.jpg,10,1750,1259,1718,1219,1783,1299
215,00968.jpg,10,1744,1285,1708,1243,1780,1327
216,00973.jpg,0,,,,,,
217,00977.jpg,235,2842,2866,2552,2599,3131,3132
218,00980.jpg,0,,,,,,
219,00983.jpg,0,,,,,,
220,00984.jpg,156,3043,2887,2697,2541,3389,3233
221,01002.jpg,0,,,,,,
222,01005.jpg,0,,,,,,
223,01009.jpg,0,,,,,,
224,01011.jpg,0,,,,,,
225,01020.jpg,0,,,,,,
226,01023.jpg,0,,,,,,
227,01027.jpg,0,,,,,,
228,01030.jpg,0,,,,,,
229,01032.jpg,0,,,,,,
230,01036.jpg,0,,,,,,
231,01039.jpg,0,,,,,,
232,01044.jpg,156,2879,309,2529,43,3228,576
233,01044.jpg,156,3624,548,3338,186,3910,911
234,01044.jpg,156,1547,408,1157,30,1937,787
235,01048.jpg,6,2019,213,1886,6,2151,421
236,01056.jpg,0,,,,,,
237,01057.jpg,148,4542,3453,4221,3266,4863,3639
238,01058.jpg,0,,,,,,
239,01059.jpg,0,,,,,,
240,01066.jpg,0,,,,,,
241,01067.jpg,105,4263,175,3914,0,4612,350
242,01067.jpg,7,4267,177,3904,0,4631,353
243,01068.jpg,0,,,,,,
244,01075.jpg,0,,,,,,
245,01079.jpg,0,,,,,,
246,01084.jpg,0,,,,,,
247,01086.jpg,0,,,,,,
248,01099.jpg,0,,,,,,
249,01103.jpg,0,,,,,,
250,01106.jpg,0,,,,,,
251,01117.jpg,7,3292,3438,2997,3252,3586,3625
252,01117.jpg,280,3289,3436,2999,3249,3578,3624
253,01117.jpg,7,4044,1210,3799,938,4288,1482
254,01128.jpg,280,4565,2299,4363,2041,4767,2558
255,01133.jpg,7,1327,209,1133,43,1521,375
256,01133.jpg,156,3650,865,3220,482,4079,1249
257,01134.jpg,0,,,,,,
258,01135.jpg,10,1816,2627,1779,2591,1853,2663
259,01141.jpg,0,,,,,,
260,01151.jpg,10,1752,1832,1703,1806,1801,1858
261,01152.jpg,156,1834,1716,1377,1440,2291,1992
262,01152.jpg,156,1649,1929,1158,1505,2139,2352
263,01152.jpg,156,3962,2878,3567,2522,4357,3234
264,01162.jpg,0,,,,,,
265,01184.jpg,156,4191,2369,3666,1906,4716,2832
266,01187.jpg,10,1778,2377,1740,2345,1815,2408
267,01199.jpg,228,2255,1375,2059,1156,2452,1594
268,01199.jpg,7,3462,2507,3279,2173,3645,2841
269,01199.jpg,7,3950,2022,3721,1800,4179,2244
270,01208.jpg,0,,,,,,
271,01214.jpg,0,,,,,,
272,01220.jpg,156,3038,874,2606,438,3471,1311
273,01224.jpg,0,,,,,,
274,01226.jpg,0,,,,,,
275,01229.jpg,0,,,,,,
276,01232.jpg,156,1721,3300,1375,2960,2066,3640
277,01232.jpg,156,2359,3073,1953,2778,2766,3369
278,01244.jpg,0,,,,,,
279,01246.jpg,9,984,1728,940,1661,1028,1796
280,01246.jpg,156,1961,402,1576,10,2347,794
281,01250.jpg,0,,,,,,
282,01259.jpg,7,4503,115,4356,0,4650,230
283,01262.jpg,9,1725,583,1672,548,1777,617
284,01266.jpg,0,,,,,,
285,01268.jpg,0,,,,,,
286,01270.jpg,0,,,,,,
287,01272.jpg,0,,,,,,
288,01283.jpg,0,,,,,,
289,01284.jpg,0,,,,,,
290,01285.jpg,0,,,,,,
291,01287.jpg,156,1948,807,1534,418,2361,1197
292,01287.jpg,156,4133,1817,3748,1371,4518,2264
293,01288.jpg,0,,,,,,
294,01291.jpg,0,,,,,,
295,01295.jpg,0,,,,,,
296,01296.jpg,156,3993,3235,3675,2948,4311,3523
297,01297.jpg,0,,,,,,
298,01301.jpg,0,,,,,,
299,01303.jpg,0,,,,,,
300,01316.jpg,0,,,,,,
301,01317.jpg,0,,,,,,
302,01322.jpg,0,,,,,,
303,01325.jpg,7,2887,980,2634,658,3140,1302
304,01325.jpg,156,1529,1407,1231,1046,1827,1767
305,01325.jpg,156,2548,2607,2006,2060,3089,3155
306,01325.jpg,105,2896,985,2631,661,3161,1308
307,01325.jpg,7,2796,120,2551,0,3040,240
308,01325.jpg,156,3511,1697,3135,1272,3888,2123
309,01327.jpg,156,2553,261,2256,0,2851,522
310,01330.jpg,0,,,,,,
311,01343.jpg,0,,,,,,
312,01345.jpg,0,,,,,,
313,01346.jpg,0,,,,,,
314,01347.jpg,0,,,,,,
315,01358.jpg,0,,,,,,
316,01372.jpg,0,,,,,,
317,01375.jpg,0,,,,,,
318,01378.jpg,0,,,,,,
319,01379.jpg,0,,,,,,
320,01382.jpg,0,,,,,,
321,01387.jpg,0,,,,,,
322,01393.jpg,0,,,,,,
323,01400.jpg,10,3444,2015,3372,1976,3516,2054
324,01410.jpg,0,,,,,,
325,01416.jpg,0,,,,,,
326,01421.jpg,0,,,,,,
327,01431.jpg,0,,,,,,
328,01442.jpg,0,,,,,,
329,01444.jpg,156,4044,537,3763,307,4324,767
330,01448.jpg,0,,,,,,
331,01451.jpg,9,1572,2351,1546,2300,1598,2402
332,01453.jpg,0,,,,,,
333,01466.jpg,10,1823,3306,1785,3269,1861,3343
334,01472.jpg,10,1813,2871,1771,2831,1855,2910
335,01472.jpg,156,1607,1756,1191,1404,2023,2108
336,01474.jpg,0,,,,,,
337,01480.jpg,7,3019,415,2878,178,3161,651
338,01480.jpg,115,3019,414,2881,176,3158,651
339,01482.jpg,0,,,,,,
340,01485.jpg,0,,,,,,
341,01486.jpg,0,,,,,,
342,01495.jpg,0,,,,,,
343,01500.jpg,0,,,,,,
344,01507.jpg,485,3474,1426,3302,1217,3646,1636
345,01512.jpg,0,,,,,,
346,01514.jpg,0,,,,,,
347,01515.jpg,0,,,,,,
348,01525.jpg,10,4307,1156,4277,1101,4337,1212
349,01528.jpg,0,,,,,,
350,01536.jpg,0,,,,,,
351,01538.jpg,0,,,,,,
352,01541.jpg,0,,,,,,
353,01555.jpg,6,3941,354,3597,132,4284,576
354,01556.jpg,0,,,,,,
355,01563.jpg,156,3130,798,2825,397,3434,1198
356,01571.jpg,0,,,,,,
357,01579.jpg,10,1742,2982,1716,2934,1769,3031
358,01580.jpg,0,,,,,,
359,01582.jpg,0,,,,,,
360,01590.jpg,148,3438,1790,3186,1551,3690,2028
361,01591.jpg,0,,,,,,
362,01593.jpg,0,,,,,,
363,01605.jpg,0,,,,,,
364,01619.jpg,0,,,,,,
365,01624.jpg,0,,,,,,
366,01644.jpg,0,,,,,,
367,01645.jpg,394,1412,950,1177,764,1648,1135
368,01650.jpg,0,,,,,,
369,01652.jpg,0,,,,,,
370,01654.jpg,10,1766,2457,1719,2425,1812,2489
371,01657.jpg,0,,,,,,
372,01671.jpg,9,1547,823,1490,780,1605,866
373,01675.jpg,7,1324,2181,1238,2016,1410,2345
374,01686.jpg,0,,,,,,
375,01687.jpg,0,,,,,,
376,01692.jpg,0,,,,,,
377,01697.jpg,280,1375,188,1039,0,1711,377
378,01703.jpg,0,,,,,,
379,01710.jpg,156,1960,173,1518,0,2402,346
380,01710.jpg,156,3500,976,3122,630,3878,1321
381,01721.jpg,10,3767,2179,3746,2143,3789,2214
382,01721.jpg,156,2863,3195,2479,2962,3248,3428
383,01721.jpg,398,4060,2487,3880,2262,4241,2713
384,01723.jpg,0,,,,,,
385,01724.jpg,0,,,,,,
386,01731.jpg,0,,,,,,
387,01733.jpg,0,,,,,,
388,01734.jpg,0,,,,,,
389,01735.jpg,0,,,,,,
390,01742.jpg,0,,,,,,
391,01748.jpg,0,,,,,,
392,01753.jpg,0,,,,,,
393,01765.jpg,0,,,,,,
394,01768.jpg,0,,,,,,
395,01773.jpg,0,,,,,,
396,01782.jpg,0,,,,,,
397,01784.jpg,0,,,,,,
398,01795.jpg,0,,,,,,
399,01798.jpg,0,,,,,,
400,01802.jpg,0,,,,,,
401,01816.jpg,156,4216,1051,3788,708,4644,1395
402,01816.jpg,156,3837,2316,3430,2049,4243,2584
403,01816.jpg,156,2860,626,2104,77,3617,1174
404,01816.jpg,156,4145,1621,3853,1269,4438,1974
405,01816.jpg,156,2479,2442,2047,1993,2911,2891
406,01816.jpg,156,1692,1805,1125,1381,2259,2228
407,01821.jpg,0,,,,,,
408,01823.jpg,0,,,,,,
409,01825.jpg,0,,,,,,
410,01827.jpg,0,,,,,,
411,01836.jpg,7,4445,1018,4154,901,4736,1136
412,01839.jpg,0,,,,,,
413,01845.jpg,115,3574,975,3364,772,3783,1178
414,01845.jpg,7,3571,975,3365,770,3778,1179
415,01847.jpg,10,1724,1900,1697,1846,1751,1955
416,01853.jpg,0,,,,,,
417,01855.jpg,0,,,,,,
418,01856.jpg,0,,,,,,
419,01857.jpg,0,,,,,,
420,01860.jpg,0,,,,,,
421,01864.jpg,156,1782,2179,1427,1764,2137,2593
422,01865.jpg,156,3977,316,3604,0,4349,632
423,01866.jpg,10,1785,2903,1747,2871,1823,2935
424,01878.jpg,156,3122,545,2776,196,3467,894
425,01879.jpg,0,,,,,,
426,01880.jpg,0,,,,,,
427,01887.jpg,0,,,,,,
428,01891.jpg,0,,,,,,
429,01895.jpg,0,,,,,,
430,01904.jpg,0,,,,,,
431,01906.jpg,0,,,,,,
432,01908.jpg,0,,,,,,
433,01912.jpg,0,,,,,,
434,01913.jpg,0,,,,,,
435,01915.jpg,0,,,,,,
436,01918.jpg,10,1034,2209,994,2147,1075,2271
437,01919.jpg,0,,,,,,
438,01921.jpg,0,,,,,,
439,01927.jpg,10,3549,2176,3456,2130,3642,2222
440,01929.jpg,7,2183,1394,1987,1143,2380,1645
441,01933.jpg,7,2330,1791,2258,1613,2403,1968
442,01940.jpg,0,,,,,,
443,01949.jpg,0,,,,,,
444,01951.jpg,0,,,,,,
445,01955.jpg,7,2907,2115,2625,1804,3188,2425
446,01957.jpg,0,,,,,,
447,01960.jpg,0,,,,,,
448,01971.jpg,0,,,,,,
449,01990.jpg,0,,,,,,
450,01991.jpg,0,,,,,,
451,01994.jpg,0,,,,,,
452,01996.jpg,0,,,,,,
453,02000.jpg,0,,,,,,
454,02002.jpg,0,,,,,,
455,02013.jpg,0,,,,,,
456,02014.jpg,0,,,,,,
457,02019.jpg,0,,,,,,
458,02023.jpg,0,,,,,,
459,02026.jpg,156,1917,622,1461,249,2374,995
460,02034.jpg,0,,,,,,
461,02038.jpg,0,,,,,,
462,02041.jpg,0,,,,,,
463,02045.jpg,0,,,,,,
464,02048.jpg,0,,,,,,
465,02061.jpg,0,,,,,,
466,02062.jpg,0,,,,,,
467,02063.jpg,0,,,,,,
468,02064.jpg,0,,,,,,
469,02069.jpg,0,,,,,,
470,02077.jpg,10,1787,3221,1733,3183,1841,3259
471,02080.jpg,10,3873,3419,3831,3344,3914,3493
472,02084.jpg,0,,,,,,
473,02089.jpg,6,3639,2385,3390,2016,3888,2753
474,02089.jpg,156,1550,445,1142,40,1958,850
475,02091.jpg,0,,,,,,
476,02100.jpg,280,3384,1703,3024,1433,3744,1973
477,02107.jpg,0,,,,,,
478,02108.jpg,0,,,,,,
479,02112.jpg,10,2761,615,2667,564,2856,666
480,02114.jpg,0,,,,,,
481,02115.jpg,0,,,,,,
482,02117.jpg,0,,,,,,
483,02118.jpg,7,2596,3358,2484,3231,2708,3486
484,02118.jpg,9,1942,99,1906,25,1978,174
485,02124.jpg,156,1459,3420,1078,3191,1841,3648
486,02126.jpg,0,,,,,,
487,02127.jpg,156,4263,1097,3939,774,4588,1419
488,02127.jpg,115,1083,2793,920,2542,1247,3043
489,02131.jpg,0,,,,,,
490,02138.jpg,148,4037,2836,3746,2627,4328,3046
491,02138.jpg,156,2632,2893,2098,2426,3165,3360
492,02142.jpg,0,,,,,,
493,02147.jpg,9,1755,2125,1701,2101,1810,2149
494,02147.jpg,105,3150,1765,2866,1556,3435,1973
495,02153.jpg,0,,,,,,
496,02159.jpg,0,,,,,,
497,02162.jpg,0,,,,,,
498,02164.jpg,7,2637,1351,2414,1263,2859,1439
499,02165.jpg,0,,,,,,
500,02170.jpg,10,1801,2045,1762,2009,1840,2081
501,02173.jpg,10,1834,2995,1804,2948,1864,3042
502,02177.jpg,0,,,,,,
503,02179.jpg,0,,,,,,
504,02182.jpg,0,,,,,,
505,02184.jpg,0,,,,,,
506,02187.jpg,0,,,,,,
507,02193.jpg,0,,,,,,
508,02198.jpg,256,3177,1840,2843,1694,3512,1987
509,02202.jpg,7,1086,2769,1009,2579,1163,2958
510,02204.jpg,0,,,,,,
511,02205.jpg,256,1567,1460,1254,1325,1881,1595
512,02213.jpg,0,,,,,,
513,02216.jpg,0,,,,,,
514,02217.jpg,256,1134,1508,1006,1354,1263,1663
515,02217.jpg,7,4384,3381,4275,3153,4493,3610
516,02219.jpg,0,,,,,,
517,02229.jpg,8,1361,3346,1166,3153,1556,3538
518,02231.jpg,0,,,,,,
519,02244.jpg,0,,,,,,
520,02250.jpg,0,,,,,,
521,02256.jpg,0,,,,,,
522,02258.jpg,0,,,,,,
523,02261.jpg,0,,,,,,
524,02262.jpg,0,,,,,,
525,02265.jpg,6,4064,1854,3749,1426,4379,2282
526,02265.jpg,156,4065,1853,3749,1429,4381,2277
527,02265.jpg,156,3238,1187,2898,780,3579,1593
528,02269.jpg,0,,,,,,
529,02281.jpg,0,,,,,,
530,02282.jpg,10,4164,3426,4117,3347,4211,3504
531,02283.jpg,115,4347,2874,4154,2596,4540,3151
532,02283.jpg,7,2098,728,1939,543,2257,914
533,02284.jpg,0,,,,,,
534,02287.jpg,0,,,,,,
535,02295.jpg,0,,,,,,
536,02297.jpg,0,,,,,,
537,02301.jpg,0,,,,,,
538,02310.jpg,0,,,,,,
539,02328.jpg,148,4161,2124,3871,1885,4451,2362
540,02329.jpg,0,,,,,,
541,02331.jpg,0,,,,,,
542,02339.jpg,0,,,,,,
543,02341.jpg,0,,,,,,
544,02344.jpg,0,,,,,,
545,02347.jpg,0,,,,,,
546,02348.jpg,0,,,,,,
547,02351.jpg,0,,,,,,
548,02352.jpg,0,,,,,,
549,02354.jpg,0,,,,,,
550,02359.jpg,0,,,,,,
551,02360.jpg,0,,,,,,
552,02362.jpg,0,,,,,,
553,02379.jpg,10,3122,1653,3085,1580,3159,1727
554,02379.jpg,148,2421,2177,2137,1953,2705,2402
555,02382.jpg,480,2692,537,2569,423,2815,650
556,02383.jpg,0,,,,,,
557,02389.jpg,0,,,,,,
558,02391.jpg,0,,,,,,
559,02392.jpg,0,,,,,,
560,02393.jpg,0,,,,,,
561,02395.jpg,0,,,,,,
562,02396.jpg,0,,,,,,
563,02399.jpg,0,,,,,,
564,02404.jpg,0,,,,,,
565,02407.jpg,156,1546,2854,1091,2387,2000,3321
566,02414.jpg,7,1174,1180,1065,1038,1283,1322
567,02414.jpg,8,4213,1980,4055,1799,4371,2162
568,02416.jpg,0,,,,,,
569,02418.jpg,0,,,,,,
570,02419.jpg,156,4322,284,3939,24,4705,544
571,02427.jpg,0,,,,,,
572,02428.jpg,9,3778,1556,3729,1497,3826,1615
573,02430.jpg,0,,,,,,
574,02434.jpg,0,,,,,,
575,02436.jpg,0,,,,,,
576,02446.jpg,0,,,,,,
577,02449.jpg,7,2262,1880,2180,1705,2344,2054
578,02454.jpg,0,,,,,,
579,02458.jpg,7,2366,1470,2236,1315,2497,1625
580,02461.jpg,0,,,,,,
581,02464.jpg,8,2436,3173,2166,2977,2706,3369
582,02472.jpg,0,,,,,,
583,02475.jpg,401,1948,284,1807,130,2088,439
584,02479.jpg,10,1050,3310,991,3270,1108,3350
585,02479.jpg,156,3213,1466,2923,1114,3504,1818
586,02485.jpg,0,,,,,,
587,02498.jpg,10,3671,815,3630,749,3712,881
588,02500.jpg,0,,,,,,
589,02503.jpg,0,,,,,,
590,02504.jpg,156,3749,1609,3429,1214,4069,2004
591,02507.jpg,280,3568,2021,3278,1864,3858,2179
592,02507.jpg,156,1758,1995,1226,1520,2290,2469
593,02521.jpg,0,,,,,,
594,02522.jpg,0,,,,,,
595,02526.jpg,0,,,,,,
596,02541.jpg,0,,,,,,
597,02545.jpg,0,,,,,,
598,02546.jpg,156,1909,2070,1417,1673,2400,2467
599,02547.jpg,0,,,,,,
600,02548.jpg,0,,,,,,
601,02556.jpg,10,3167,614,3134,560,3200,669
602,02556.jpg,673,1522,797,1224,446,1820,1147
603,02556.jpg,280,2399,219,2205,83,2593,355
604,02570.jpg,156,2688,3411,2231,3193,3145,3629
605,02570.jpg,156,1635,2668,1152,2265,2118,3071
606,02583.jpg,0,,,,,,
607,02587.jpg,156,3953,2509,3545,2061,4361,2957
608,02591.jpg,0,,,,,,
609,02593.jpg,0,,,,,,
610,02594.jpg,0,,,,,,
611,02600.jpg,0,,,,,,
612,02601.jpg,10,1751,1773,1721,1742,1782,1803
613,02606.jpg,0,,,,,,
614,02609.jpg,156,3442,3309,3062,2972,3822,3646
615,02623.jpg,9,1287,1302,1252,1249,1321,1354
616,02625.jpg,0,,,,,,
617,02630.jpg,0,,,,,,
618,02633.jpg,0,,,,,,
619,02639.jpg,0,,,,,,
620,02640.jpg,156,2894,2614,2460,2197,3328,3031
621,02651.jpg,9,1715,213,1664,175,1767,252
622,02651.jpg,6,2480,897,2314,624,2646,1170
623,02655.jpg,8,1301,1895,1177,1759,1425,2030
624,02658.jpg,0,,,,,,
625,02663.jpg,0,,,,,,
626,02665.jpg,0,,,,,,
627,02666.jpg,10,3468,3590,3444,3556,3493,3623
628,02666.jpg,156,3937,3352,3552,3056,4323,3648
629,02668.jpg,0,,,,,,
630,02673.jpg,0,,,,,,
631,02675.jpg,0,,,,,,
632,02676.jpg,0,,,,,,
633,02697.jpg,10,1823,3092,1780,3054,1866,3130
634,02698.jpg,7,2886,3413,2811,3278,2961,3548
635,02702.jpg,156,3657,2931,3208,2443,4106,3419
636,02702.jpg,7,3577,896,3357,779,3797,1014
637,02702.jpg,156,2805,3195,2375,2847,3236,3544
638,02711.jpg,0,,,,,,
639,02715.jpg,0,,,,,,
640,02717.jpg,0,,,,,,
641,02721.jpg,10,3473,618,3434,546,3512,690
642,02721.jpg,105,2940,1438,2748,1176,3132,1699
643,02724.jpg,10,3653,2052,3561,2012,3745,2091
644,02725.jpg,10,3914,998,3857,939,3971,1056
645,02729.jpg,0,,,,,,
646,02733.jpg,0,,,,,,
647,02745.jpg,0,,,,,,
648,02749.jpg,156,3619,3436,3086,3226,4152,3646
649,02749.jpg,156,3003,3222,2528,2833,3479,3610
650,02751.jpg,0,,,,,,
651,02764.jpg,156,4226,212,3794,0,4657,424
652,02770.jpg,156,4120,862,3634,375,4607,1348
653,02770.jpg,7,2233,242,2005,0,2461,483
654,02772.jpg,0,,,,,,
655,02778.jpg,0,,,,,,
656,02786.jpg,0,,,,,,
657,02788.jpg,0,,,,,,
658,02789.jpg,0,,,,,,
659,02791.jpg,0,,,,,,
660,02793.jpg,0,,,,,,
661,02794.jpg,0,,,,,,
662,02795.jpg,10,1006,425,962,366,1049,485
663,02796.jpg,0,,,,,,
664,02803.jpg,0,,,,,,
665,02808.jpg,0,,,,,,
666,02814.jpg,0,,,,,,
667,02823.jpg,0,,,,,,
668,02825.jpg,0,,,,,,
669,02829.jpg,7,3548,815,3266,549,3831,1082
670,02834.jpg,0,,,,,,
671,02838.jpg,0,,,,,,
672,02842.jpg,0,,,,,,
673,02843.jpg,0,,,,,,
674,02845.jpg,0,,,,,,
675,02846.jpg,105,4236,341,3913,26,4560,656
676,02855.jpg,0,,,,,,
677,02856.jpg,0,,,,,,
678,02860.jpg,7,3814,294,3571,0,4057,588
679,02860.jpg,6,3816,292,3575,0,4057,583
680,02867.jpg,7,2526,766,2212,481,2840,1052
681,02872.jpg,156,3084,3361,2684,3074,3484,3648
682,02872.jpg,156,3158,1973,2874,1600,3442,2346
683,02874.jpg,0,,,,,,
684,02875.jpg,9,2831,3098,2794,3049,2867,3147
685,02879.jpg,0,,,,,,
686,02882.jpg,0,,,,,,
687,02888.jpg,0,,,,,,
688,02892.jpg,392,1872,2206,1706,2028,2038,2384
689,02893.jpg,256,2727,1170,2344,995,3109,1344
690,02895.jpg,0,,,,,,
691,02897.jpg,0,,,,,,
692,02902.jpg,148,4114,1795,3775,1501,4453,2089
693,02902.jpg,280,1797,393,1623,222,1970,565
694,02902.jpg,8,1953,1534,1804,1389,2102,1680
695,02903.jpg,394,4183,585,3949,366,4417,804
696,02909.jpg,0,,,,,,
697,02911.jpg,0,,,,,,
698,02912.jpg,0,,,,,,
699,02914.jpg,0,,,,,,
700,02918.jpg,0,,,,,,
701,02919.jpg,10,2677,948,2633,869,2721,1028
702,02922.jpg,6,4255,3489,4040,3330,4469,3648
703,02922.jpg,7,4258,3488,4041,3328,4475,3648
704,02926.jpg,0,,,,,,
705,02930.jpg,0,,,,,,
706,02949.jpg,0,,,,,,
707,02955.jpg,0,,,,,,
708,02963.jpg,0,,,,,,
709,02971.jpg,0,,,,,,
710,02981.jpg,0,,,,,,
711,02988.jpg,0,,,,,,
712,02990.jpg,0,,,,,,
713,02997.jpg,0,,,,,,
714,02998.jpg,10,1828,3197,1785,3160,1871,3234
715,02999.jpg,0,,,,,,
716,03001.jpg,0,,,,,,
717,03008.jpg,0,,,,,,
718,03015.jpg,0,,,,,,
719,03018.jpg,0,,,,,,
720,03020.jpg,0,,,,,,
721,03024.jpg,0,,,,,,
722,03025.jpg,0,,,,,,
723,03027.jpg,0,,,,,,
724,03035.jpg,0,,,,,,
725,03040.jpg,0,,,,,,
726,03044.jpg,6,3863,1047,3654,858,4072,1236
727,03048.jpg,0,,,,,,
728,03053.jpg,0,,,,,,
729,03069.jpg,156,3014,3103,2583,2666,3444,3540
730,03070.jpg,0,,,,,,
731,03071.jpg,8,4545,2515,4352,2286,4738,2743
732,03073.jpg,0,,,,,,
733,03076.jpg,0,,,,,,
734,03077.jpg,0,,,,,,
735,03087.jpg,280,3795,1689,3459,1448,4131,1930
736,03089.jpg,0,,,,,,
737,03093.jpg,0,,,,,,
738,03094.jpg,10,3667,1311,3603,1220,3731,1402
739,03099.jpg,0,,,,,,
740,03104.jpg,256,4191,689,3875,315,4506,1063
741,03105.jpg,0,,,,,,
742,03112.jpg,0,,,,,,
743,03117.jpg,6,4263,1418,4127,1137,4399,1700
744,03133.jpg,0,,,,,,
745,03135.jpg,485,1623,1996,1450,1740,1797,2253
746,03142.jpg,0,,,,,,
747,03148.jpg,0,,,,,,
748,03155.jpg,0,,,,,,
749,03157.jpg,0,,,,,,
750,03167.jpg,0,,,,,,
751,03171.jpg,0,,,,,,
752,03175.jpg,0,,,,,,
753,03184.jpg,0,,,,,,
754,03185.jpg,0,,,,,,
755,03186.jpg,25,3723,257,3444,13,4002,502
756,03199.jpg,10,2817,2898,2793,2853,2842,2942
757,03213.jpg,0,,,,,,
758,03215.jpg,7,2880,2941,2695,2715,3066,3168
759,03215.jpg,148,3448,2498,3202,2247,3693,2749
760,03215.jpg,280,2875,2943,2686,2714,3064,3173
761,03215.jpg,7,2325,2820,2124,2591,2525,3049
762,03218.jpg,7,2732,2443,2646,2217,2819,2668
763,03220.jpg,7,3021,88,2802,0,3239,176
764,03220.jpg,280,3022,88,2807,0,3237,176
765,03234.jpg,0,,,,,,
766,03235.jpg,0,,,,,,
767,03236.jpg,0,,,,,,
768,03242.jpg,156,3755,2971,3218,2623,4293,3318
769,03248.jpg,105,4374,173,4219,0,4528,347
770,03251.jpg,0,,,,,,
771,03262.jpg,256,2670,1533,2327,1103,3013,1963
772,03274.jpg,0,,,,,,
773,03278.jpg,0,,,,,,
774,03288.jpg,0,,,,,,
775,03289.jpg,7,3038,654,2870,429,3206,880
776,03289.jpg,6,2147,290,1972,25,2322,554
777,03293.jpg,156,3016,2750,2674,2335,3358,3164
778,03302.jpg,0,,,,,,
779,03314.jpg,0,,,,,,
780,03319.jpg,9,2064,2166,1995,2119,2134,2212
781,03319.jpg,156,2614,2730,1989,2354,3239,3106
782,03323.jpg,6,1443,1377,1055,1111,1830,1643
783,03331.jpg,0,,,,,,
784,03341.jpg,0,,,,,,
785,03343.jpg,0,,,,,,
786,03345.jpg,156,1825,1196,1371,748,2280,1644
787,03349.jpg,7,3210,614,3081,448,3339,780
788,03350.jpg,0,,,,,,
789,03351.jpg,6,2629,365,2512,112,2745,618
790,03357.jpg,0,,,,,,
791,03372.jpg,0,,,,,,
792,03375.jpg,0,,,,,,
793,03380.jpg,0,,,,,,
794,03392.jpg,0,,,,,,
795,03397.jpg,7,4090,3161,3823,2966,4357,3356
796,03398.jpg,0,,,,,,
797,03402.jpg,0,,,,,,
798,03407.jpg,0,,,,,,
799,03412.jpg,0,,,,,,
800,03413.jpg,0,,,,,,
801,03415.jpg,0,,,,,,
802,03418.jpg,0,,,,,,
803,03421.jpg,0,,,,,,
804,03424.jpg,0,,,,,,
805,03425.jpg,0,,,,,,
806,03431.jpg,0,,,,,,
807,03440.jpg,7,4634,2931,4435,2776,4834,3086
808,03440.jpg,7,3358,763,3093,434,3623,1092
809,03442.jpg,0,,,,,,
810,03444.jpg,156,4112,348,3676,0,4548,695
811,03449.jpg,0,,,,,,
812,03452.jpg,0,,,,,,
813,03457.jpg,115,2894,1164,2755,953,3033,1376
814,03459.jpg,156,2156,3359,1820,3078,2492,3640
815,03467.jpg,0,,,,,,
816,03469.jpg,0,,,,,,
817,03473.jpg,0,,,,,,
818,03474.jpg,6,4231,1155,4002,799,4461,1510
819,03477.jpg,0,,,,,,
820,03480.jpg,0,,,,,,
821,03486.jpg,0,,,,,,
822,03498.jpg,0,,,,,,
823,03502.jpg,0,,,,,,
824,03512.jpg,0,,,,,,
825,03514.jpg,9,3579,1191,3510,1098,3647,1284
826,03526.jpg,0,,,,,,
827,03531.jpg,0,,,,,,
828,03533.jpg,6,3245,466,2979,228,3512,704
829,03534.jpg,0,,,,,,
830,03535.jpg,0,,,,,,
831,03536.jpg,0,,,,,,
832,03537.jpg,235,4701,2682,4406,2289,4997,3075
833,03537.jpg,115,4704,2679,4399,2290,5008,3069
834,03539.jpg,0,,,,,,
835,03540.jpg,0,,,,,,
836,03545.jpg,0,,,,,,
837,03554.jpg,280,2720,616,2494,378,2947,853
838,03555.jpg,0,,,,,,
839,03556.jpg,0,,,,,,
840,03560.jpg,0,,,,,,
841,03561.jpg,9,1757,1361,1683,1329,1830,1394
842,03561.jpg,156,1937,2604,1521,2117,2354,3090
843,03561.jpg,156,3439,2828,3049,2480,3828,3176
844,03572.jpg,0,,,,,,
845,03575.jpg,0,,,,,,
846,03576.jpg,0,,,,,,
847,03577.jpg,0,,,,,,
848,03582.jpg,0,,,,,,
849,03588.jpg,0,,,,,,
850,03591.jpg,280,3035,713,2896,491,3175,935
851,03596.jpg,9,2488,563,2442,495,2534,632
852,03614.jpg,0,,,,,,
853,03619.jpg,0,,,,,,
854,03620.jpg,0,,,,,,
855,03624.jpg,0,,,,,,
856,03627.jpg,0,,,,,,
857,03630.jpg,6,3572,213,3490,66,3655,359
858,03630.jpg,7,3575,216,3489,66,3660,366
859,03642.jpg,0,,,,,,
860,03648.jpg,0,,,,,,
861,03652.jpg,0,,,,,,
862,03669.jpg,0,,,,,,
863,03675.jpg,156,3628,3317,3063,3001,4194,3633
864,03677.jpg,0,,,,,,
865,03680.jpg,0,,,,,,
866,03687.jpg,0,,,,,,
867,03695.jpg,0,,,,,,
868,03697.jpg,0,,,,,,
869,03698.jpg,0,,,,,,
870,03699.jpg,7,4394,3536,4165,3436,4622,3636
871,03702.jpg,0,,,,,,
872,03704.jpg,394,2960,344,2740,134,3180,555
873,03715.jpg,10,1940,1892,1909,1830,1970,1955
874,03717.jpg,0,,,,,,
875,03727.jpg,0,,,,,,
876,03737.jpg,0,,,,,,
877,03738.jpg,0,,,,,,
878,03739.jpg,0,,,,,,
879,03752.jpg,0,,,,,,
880,03756.jpg,10,4314,1936,4290,1888,4338,1984
881,03772.jpg,0,,,,,,
882,03773.jpg,280,2735,3143,2504,2985,2966,3302
883,03773.jpg,7,2732,3143,2499,2991,2965,3294
884,03779.jpg,0,,,,,,
885,03780.jpg,0,,,,,,
886,03784.jpg,0,,,,,,
887,03787.jpg,0,,,,,,
888,03790.jpg,0,,,,,,
889,03801.jpg,394,3602,1239,3481,1105,3723,1373
890,03805.jpg,0,,,,,,
891,03808.jpg,7,4155,2866,4027,2706,4282,3027
892,03808.jpg,6,1519,571,1404,367,1633,776
